nowtime,current_price,old_price,price_per_unit,vendor,product_name,units,product_id
2024-08-26T01:00:00Z,10.09,NA,5.142686251471296,Metro,Becel Margarine,L,P1818
2024-06-09T05:00:00Z,19.27,NA,12.25918306230801,Loblaws,Butter 500g,g,P3506
2024-05-17T01:00:00Z,18.96,NA,13.413693005906419,Galleria,Orange Juice 1L,count,P2170
2024-03-15T03:00:00Z,9.92,NA,20.353448110280052,Metro,Sourdough Bread,count,P2381
2024-05-28T06:00:00Z,1.52,NA,0.9193998432655534,Save-On-Foods,Eggs Dozen,L,P5680
2024-08-20T08:00:00Z,14.77,NA,38.66858388551676,Loblaws,Eggs Dozen,count,P3874
2024-10-23T07:00:00Z,7.63,NA,5.01006543421516,Walmart,Sourdough Bread,kg,P1823
2024-10-10T13:00:00Z,9.84,NA,6.512249157605501,Loblaws,Eggs Dozen,L,P7834
2024-08-08T11:00:00Z,2.83,NA,2.6598719464247105,NoFrills,Pasta 500g,kg,P2004
2024-06-04T15:00:00Z,18.31,NA,9.785797818348923,Loblaws,Orange Juice 1L,kg,P4039
2024-06-12T03:00:00Z,7.59,NA,7.634849539237322,Metro,Eggs Dozen,kg,P2330
2024-06-27T07:00:00Z,10.25,NA,14.471084076540228,Metro,Butter 500g,kg,P7322
2024-10-03T06:00:00Z,1.6,NA,1.0948039252136033,Metro,Brown Rice 1kg,L,P9738
2024-04-25T17:00:00Z,18.52,23.72636886611581,46.031619731571745,Loblaws,Butter 500g,L,P3990
2024-09-26T14:00:00Z,10.17,NA,10.494275166460822,Voila,Brown Rice 1kg,g,P6945
2024-08-06T08:00:00Z,19.27,NA,22.506419032612847,Save-On-Foods,Chicken Breast 1kg,L,P9321
2024-10-04T08:00:00Z,2.38,NA,1.8650124294166215,Walmart,Brown Rice 1kg,L,P3039
2024-05-09T04:00:00Z,10.47,NA,44.308756733337496,Walmart,Milk 2L,kg,P1325
2024-06-01T04:00:00Z,14.95,NA,11.396986767408347,NoFrills,Organic Apples,kg,P2291
2024-04-29T14:00:00Z,16.38,NA,22.41882639800218,Walmart,Milk 2L,g,P7957
2024-03-04T17:00:00Z,6.86,NA,5.899325953015414,Galleria,Becel Margarine,L,P2048
2024-03-09T22:00:00Z,14.71,NA,26.3145524897558,Walmart,Chicken Breast 1kg,count,P9838
2024-10-06T13:00:00Z,9.95,NA,5.474546254445613,NoFrills,Eggs Dozen,kg,P2857
2024-07-24T16:00:00Z,2.88,NA,4.733126453564353,Galleria,Becel Margarine,count,P5209
2024-07-09T18:00:00Z,7.88,NA,5.147515352981867,T&T,Eggs Dozen,count,P7927
2024-07-01T17:00:00Z,10.47,NA,5.750003257034639,Loblaws,Sourdough Bread,L,P5594
2024-10-04T07:00:00Z,18.02,NA,27.280299367462057,Metro,Pasta 500g,L,P7466
2024-07-14T07:00:00Z,9.44,NA,6.526108049528302,Loblaws,Butter 500g,count,P4822
2024-05-30T22:00:00Z,7.47,NA,4.90226321277174,Loblaws,Becel Margarine,g,P7525
2024-03-23T19:00:00Z,1.31,NA,0.78262449331236,Loblaws,Eggs Dozen,L,P4698
2024-03-11T15:00:00Z,3.57,NA,3.602023412552503,Metro,Milk 2L,L,P1094
2024-10-14T12:00:00Z,17.75,NA,89.1863485816241,NoFrills,Butter 500g,L,P4880
2024-10-09T06:00:00Z,11.35,NA,43.42010845791098,Walmart,Organic Apples,g,P5033
2024-08-29T10:00:00Z,16.44,23.64557459308952,14.72459892887252,Loblaws,Butter 500g,L,P7207
2024-03-09T21:00:00Z,8.32,NA,5.525840615335516,Loblaws,Milk 2L,count,P2569
2024-05-17T10:00:00Z,17.68,19.562948522754013,14.280769088829793,Metro,Eggs Dozen,kg,P9676
2024-05-05T05:00:00Z,11.46,NA,6.90077981862897,Metro,Organic Apples,L,P2852
2024-10-18T04:00:00Z,6.24,NA,3.265180570506839,Loblaws,Brown Rice 1kg,g,P4407
2024-08-27T17:00:00Z,16.8,NA,24.15442551014172,Save-On-Foods,Pasta 500g,kg,P6978
2024-09-29T10:00:00Z,10.81,NA,7.220752023152382,NoFrills,Milk 2L,kg,P6232
2024-04-05T11:00:00Z,15.63,NA,61.248111154901515,Galleria,Becel Margarine,g,P9426
2024-09-16T01:00:00Z,3.49,4.781130417764187,2.787712276915195,Walmart,Organic Apples,L,P4482
2024-08-03T21:00:00Z,14.21,20.07137184369657,15.02333367736275,Voila,Orange Juice 1L,count,P7961
2024-04-10T17:00:00Z,16.75,NA,12.891278682525698,T&T,Pasta 500g,kg,P1836
2024-10-12T01:00:00Z,16.8,NA,8.736391564821355,NoFrills,Butter 500g,L,P1804
2024-05-31T11:00:00Z,8.19,NA,6.116110581063978,Loblaws,Pasta 500g,L,P9809
2024-04-19T02:00:00Z,7.08,NA,22.697355740481886,NoFrills,Sourdough Bread,L,P2592
2024-10-25T05:00:00Z,14.02,19.523985054524616,7.0491798401990655,Loblaws,Orange Juice 1L,count,P1343
2024-03-26T02:00:00Z,4.48,5.109825129091741,4.101320653980568,Walmart,Milk 2L,g,P3261
2024-08-31T08:00:00Z,15.13,NA,9.421341109332396,Metro,Brown Rice 1kg,count,P6766
2024-07-25T09:00:00Z,3.63,4.292836071437225,2.9589914662800414,Loblaws,Brown Rice 1kg,g,P6594
2024-09-08T13:00:00Z,6.4,NA,9.639563413520781,Galleria,Eggs Dozen,g,P9691
2024-07-07T12:00:00Z,6.69,NA,3.5456234747905055,Galleria,Becel Margarine,count,P2183
2024-05-02T12:00:00Z,7.44,NA,3.944609511389472,Walmart,Chicken Breast 1kg,count,P6334
2024-04-04T14:00:00Z,2.22,NA,3.9335693203370976,Loblaws,Pasta 500g,g,P8652
2024-07-18T23:00:00Z,16.33,NA,23.19299698555508,Voila,Pasta 500g,g,P1102
2024-05-18T20:00:00Z,12.31,NA,82.73714070940622,Galleria,Butter 500g,kg,P7046
2024-04-25T02:00:00Z,9.55,12.122740147868173,25.73951308683959,Voila,Brown Rice 1kg,L,P1454
2024-04-25T21:00:00Z,10.99,NA,6.217971925038384,Walmart,Pasta 500g,L,P8973
2024-03-09T15:00:00Z,2.93,NA,5.764753583323028,Galleria,Brown Rice 1kg,kg,P7019
2024-09-07T15:00:00Z,11.76,NA,12.921604706722878,Walmart,Orange Juice 1L,g,P5848
2024-04-02T19:00:00Z,4.6,NA,5.215352566517318,Loblaws,Organic Apples,kg,P2143
2024-05-04T05:00:00Z,10.5,NA,30.412010802914306,Loblaws,Organic Apples,L,P2086
2024-03-19T07:00:00Z,13.7,NA,10.940272099265535,Metro,Butter 500g,kg,P2380
2024-04-10T00:00:00Z,16.93,21.444941882106477,64.65555628999441,Walmart,Butter 500g,count,P9615
2024-08-18T00:00:00Z,17.47,NA,13.86580891188038,Walmart,Pasta 500g,kg,P2694
2024-10-20T14:00:00Z,15.53,NA,8.209849416755764,Walmart,Sourdough Bread,kg,P9607
2024-03-19T07:00:00Z,14.81,NA,9.249077293076416,Walmart,Chicken Breast 1kg,L,P1583
2024-08-08T18:00:00Z,6.76,NA,8.933334836770925,Metro,Chicken Breast 1kg,kg,P5926
2024-10-01T03:00:00Z,9.29,NA,10.700564251007984,Loblaws,Sourdough Bread,g,P6641
2024-03-14T15:00:00Z,5.07,NA,3.7443380073019275,Galleria,Eggs Dozen,L,P7339
2024-03-22T01:00:00Z,16.11,NA,10.891471240798184,Loblaws,Butter 500g,count,P6438
2024-05-24T01:00:00Z,4.93,NA,5.90194982750911,Loblaws,Pasta 500g,L,P3910
2024-03-12T23:00:00Z,8.39,NA,5.256092055671409,Walmart,Eggs Dozen,g,P5800
2024-09-17T05:00:00Z,16.67,NA,60.2414090435135,Loblaws,Sourdough Bread,count,P3834
2024-08-20T21:00:00Z,16.11,NA,45.13899082410344,Galleria,Butter 500g,g,P5260
2024-05-29T07:00:00Z,19.87,NA,25.832785419944578,Save-On-Foods,Butter 500g,L,P8826
2024-03-24T08:00:00Z,13.59,16.41419336350076,24.34005469144791,NoFrills,Orange Juice 1L,L,P3617
2024-07-04T23:00:00Z,7.34,NA,25.718570156473522,Walmart,Eggs Dozen,L,P2995
2024-04-20T12:00:00Z,19.53,NA,13.234012216553841,Galleria,Becel Margarine,count,P4777
2024-11-01T12:00:00Z,8.88,NA,16.502197582604303,T&T,Eggs Dozen,count,P1949
2024-09-24T05:00:00Z,7.39,8.644705657869578,5.012384950538774,Walmart,Butter 500g,g,P1246
2024-04-05T20:00:00Z,10.28,NA,15.055959167829071,Walmart,Pasta 500g,count,P6056
2024-09-17T09:00:00Z,10.92,NA,11.08998629094158,Loblaws,Sourdough Bread,L,P7602
2024-09-12T02:00:00Z,1.81,NA,1.6199157102849346,Metro,Milk 2L,count,P6829
2024-06-16T20:00:00Z,7.23,NA,12.177482896350757,Metro,Sourdough Bread,count,P5063
2024-03-22T16:00:00Z,11.66,NA,10.89070469894962,Metro,Becel Margarine,count,P3168
2024-07-13T08:00:00Z,8.85,NA,4.835991804578726,Metro,Organic Apples,g,P9792
2024-08-28T21:00:00Z,12.44,NA,9.300305617585078,Walmart,Brown Rice 1kg,count,P3186
2024-07-21T09:00:00Z,11.48,NA,16.452386459308826,Galleria,Chicken Breast 1kg,L,P1545
2024-11-02T01:00:00Z,16.19,NA,51.887828250631934,Save-On-Foods,Brown Rice 1kg,kg,P4722
2024-04-07T03:00:00Z,6.71,NA,5.353148373304977,Walmart,Becel Margarine,kg,P2950
2024-07-12T16:00:00Z,12.44,NA,63.60157431685463,NoFrills,Eggs Dozen,L,P4952
2024-04-12T01:00:00Z,1.29,NA,1.9954216846652262,Walmart,Eggs Dozen,count,P4582
2024-10-03T17:00:00Z,17.88,NA,48.69626561489265,Loblaws,Milk 2L,kg,P1139
2024-08-06T10:00:00Z,17.91,NA,10.525479956963757,T&T,Pasta 500g,kg,P8020
2024-08-25T18:00:00Z,10.29,13.785539133561773,5.4319020287994935,Voila,Chicken Breast 1kg,g,P8239
2024-07-29T08:00:00Z,4.03,NA,4.878047138185038,NoFrills,Organic Apples,L,P4702
2024-06-12T08:00:00Z,13.06,NA,11.40209959889239,Walmart,Becel Margarine,g,P3438
2024-08-04T13:00:00Z,4.75,6.897434422280639,7.988267313114287,Loblaws,Pasta 500g,L,P5255
2024-05-12T03:00:00Z,5.56,NA,3.1697330310803533,Voila,Sourdough Bread,L,P5339
2024-04-18T05:00:00Z,11.83,NA,10.510583174105419,Loblaws,Eggs Dozen,count,P5397
2024-06-26T05:00:00Z,15.46,NA,12.163257880866437,Loblaws,Becel Margarine,count,P9095
2024-03-18T07:00:00Z,1.66,NA,0.9127688967028509,NoFrills,Pasta 500g,g,P8488
2024-08-12T12:00:00Z,11.17,NA,7.1274035826338364,Walmart,Brown Rice 1kg,count,P2850
2024-03-24T04:00:00Z,13.59,NA,13.572023099800433,Loblaws,Chicken Breast 1kg,L,P4073
2024-04-26T16:00:00Z,7.9,NA,4.3149445113978135,NoFrills,Chicken Breast 1kg,L,P5524
2024-06-28T11:00:00Z,18.4,21.182517062425614,17.118659408818445,Walmart,Eggs Dozen,count,P9396
2024-06-04T09:00:00Z,4.29,NA,2.4665744859839274,T&T,Chicken Breast 1kg,L,P3007
2024-10-31T18:00:00Z,6.44,NA,7.778085971658056,Walmart,Orange Juice 1L,kg,P3776
2024-05-04T07:00:00Z,16.04,23.96581861570105,9.70622953052983,Walmart,Pasta 500g,L,P4688
2024-10-13T14:00:00Z,3.31,NA,8.135754937073298,NoFrills,Butter 500g,kg,P8950
2024-04-24T12:00:00Z,7.33,NA,5.692472962265201,Walmart,Sourdough Bread,count,P4326
2024-03-14T13:00:00Z,12.32,14.330537602990868,8.245333759810844,Walmart,Chicken Breast 1kg,count,P3113
2024-09-28T17:00:00Z,6.05,NA,4.772695506822619,NoFrills,Pasta 500g,g,P8036
2024-09-03T19:00:00Z,17.78,NA,16.526532065254088,Walmart,Organic Apples,g,P4014
2024-06-02T13:00:00Z,5.48,7.137990630995483,5.429054152749512,Save-On-Foods,Sourdough Bread,L,P6649
2024-10-26T02:00:00Z,2.15,NA,5.38245484225121,Voila,Becel Margarine,kg,P2062
2024-02-28T16:00:00Z,18.76,NA,12.192027211208488,Save-On-Foods,Brown Rice 1kg,g,P2108
2024-03-25T02:00:00Z,10.98,NA,23.179663542657874,Save-On-Foods,Becel Margarine,kg,P9473
2024-09-03T21:00:00Z,17.38,NA,20.517768104935964,Metro,Milk 2L,g,P4568
2024-10-08T16:00:00Z,6.89,10.226685910570435,18.902600569765806,Walmart,Eggs Dozen,kg,P6738
2024-06-15T15:00:00Z,5.22,NA,2.962270432804453,Loblaws,Chicken Breast 1kg,L,P6147
2024-07-26T02:00:00Z,13.77,NA,7.590068794691974,Voila,Eggs Dozen,kg,P9956
2024-09-27T05:00:00Z,19.51,NA,12.787602710726077,NoFrills,Becel Margarine,count,P3772
2024-09-25T18:00:00Z,11.18,NA,26.148836605673704,Metro,Brown Rice 1kg,kg,P6334
2024-07-10T13:00:00Z,19.89,NA,18.489593716706004,Loblaws,Organic Apples,kg,P6717
2024-10-14T11:00:00Z,7.99,8.797206094969997,59.72604380552857,T&T,Sourdough Bread,L,P1096
2024-06-06T20:00:00Z,19.34,NA,66.54261658391339,Galleria,Eggs Dozen,g,P9683
2024-07-14T23:00:00Z,9.78,NA,4.909150051400445,Loblaws,Brown Rice 1kg,L,P8187
2024-04-16T20:00:00Z,5.79,NA,10.44410843488338,Galleria,Organic Apples,g,P4574
2024-04-07T12:00:00Z,13.24,NA,16.771051643966764,Voila,Brown Rice 1kg,kg,P3450
2024-09-29T11:00:00Z,19.3,28.367173243612054,57.30093389173634,Metro,Pasta 500g,g,P3284
2024-05-22T20:00:00Z,18.45,NA,20.08412410672903,NoFrills,Butter 500g,L,P2265
2024-06-15T01:00:00Z,18.5,NA,14.848812222760046,Loblaws,Pasta 500g,g,P4992
2024-06-11T21:00:00Z,9.35,NA,4.965950513227429,Galleria,Organic Apples,count,P1444
2024-07-03T14:00:00Z,18.5,NA,18.82959828205022,Galleria,Becel Margarine,g,P5293
2024-03-12T19:00:00Z,17.42,NA,14.39933516290895,Metro,Organic Apples,g,P7098
2024-06-07T15:00:00Z,2.53,NA,1.5446415748337998,Walmart,Milk 2L,L,P6841
2024-07-17T18:00:00Z,11.9,NA,14.37644170241006,Metro,Butter 500g,g,P3166
2024-04-17T07:00:00Z,8.05,NA,59.18625945611637,NoFrills,Milk 2L,L,P8863
2024-06-14T03:00:00Z,15.67,18.05780399928242,9.423936052295918,Galleria,Brown Rice 1kg,g,P2439
2024-10-24T10:00:00Z,8.79,NA,12.56749851757087,Voila,Pasta 500g,count,P4814
2024-03-19T14:00:00Z,4.67,NA,3.4195139076956838,Loblaws,Orange Juice 1L,g,P5483
2024-04-13T12:00:00Z,15.43,NA,24.081082334081966,Walmart,Organic Apples,kg,P6224
2024-09-17T17:00:00Z,12.85,NA,7.521393621518012,Walmart,Butter 500g,L,P8523
2024-05-04T17:00:00Z,19.73,NA,17.87120878091076,Galleria,Becel Margarine,L,P6975
2024-07-30T08:00:00Z,11.11,16.487661378053016,5.97638099829801,Galleria,Chicken Breast 1kg,L,P3456
2024-07-14T02:00:00Z,17.07,NA,22.37446181232109,Walmart,Sourdough Bread,g,P8138
2024-06-14T14:00:00Z,2.22,NA,1.474674073395092,Voila,Pasta 500g,count,P8639
2024-06-21T23:00:00Z,14.56,NA,9.38496548987721,Walmart,Sourdough Bread,count,P4743
2024-04-14T21:00:00Z,19.77,NA,10.687703075615875,Walmart,Orange Juice 1L,L,P9377
2024-08-16T05:00:00Z,13.92,NA,10.524984779579158,Loblaws,Pasta 500g,L,P8457
2024-05-11T17:00:00Z,18.73,NA,33.63845350714837,Voila,Orange Juice 1L,g,P9492
2024-05-08T17:00:00Z,3.93,NA,4.972259029947799,Walmart,Brown Rice 1kg,kg,P4018
2024-04-23T02:00:00Z,7.48,NA,3.9527326825530382,Loblaws,Becel Margarine,kg,P6017
2024-07-26T15:00:00Z,8.67,NA,53.0286775143895,Loblaws,Pasta 500g,L,P1711
2024-10-19T12:00:00Z,18.46,NA,28.316450205495343,Loblaws,Orange Juice 1L,count,P9657
2024-09-14T12:00:00Z,2.43,NA,2.1624528433273777,NoFrills,Sourdough Bread,L,P8592
2024-07-08T18:00:00Z,18.52,NA,13.42801632821107,Metro,Milk 2L,g,P3094
2024-03-15T23:00:00Z,3.03,NA,3.1113613912532183,Metro,Organic Apples,L,P4653
2024-09-01T10:00:00Z,8.25,NA,5.736942269392216,Loblaws,Pasta 500g,L,P1478
2024-03-20T20:00:00Z,18.45,NA,22.478211102143415,Walmart,Orange Juice 1L,g,P5835
2024-03-29T02:00:00Z,15.71,NA,23.690035368842995,T&T,Chicken Breast 1kg,L,P6808
2024-05-31T12:00:00Z,6.94,7.920902107764037,9.32785177856364,Galleria,Orange Juice 1L,kg,P4965
2024-10-08T21:00:00Z,13.21,NA,20.538327650781827,Voila,Brown Rice 1kg,g,P7420
2024-02-28T10:00:00Z,19.55,NA,25.26661491811925,Loblaws,Chicken Breast 1kg,L,P8762
2024-04-20T07:00:00Z,11.23,14.456937899678016,9.152764664386702,Loblaws,Brown Rice 1kg,kg,P1458
2024-05-16T07:00:00Z,5.36,NA,2.9071068767557087,Metro,Becel Margarine,g,P4930
2024-04-22T23:00:00Z,15.61,22.173495593417435,17.634559782337718,Voila,Butter 500g,L,P1632
2024-03-15T15:00:00Z,3.74,5.225677834535018,11.173961478009797,Metro,Brown Rice 1kg,L,P9087
2024-08-15T12:00:00Z,4.16,NA,2.9266460157624894,Loblaws,Pasta 500g,kg,P2465
2024-04-18T17:00:00Z,10.77,NA,36.421702746868604,Save-On-Foods,Brown Rice 1kg,count,P9722
2024-04-17T15:00:00Z,9.44,NA,26.29259327804742,Voila,Organic Apples,kg,P2555
2024-04-03T02:00:00Z,7.92,NA,9.098385400122764,Voila,Butter 500g,L,P5963
2024-07-20T13:00:00Z,15.71,NA,10.92707299369228,Walmart,Milk 2L,g,P1204
2024-04-22T14:00:00Z,14.83,NA,8.471768181032699,Walmart,Organic Apples,L,P1551
2024-04-23T17:00:00Z,7.62,10.455925697151573,12.011312978744055,Voila,Organic Apples,L,P2558
2024-09-12T06:00:00Z,13.53,NA,29.463598583868993,Voila,Sourdough Bread,g,P9294
2024-03-15T17:00:00Z,14.78,NA,8.308496671751257,NoFrills,Chicken Breast 1kg,g,P9722
2024-03-25T00:00:00Z,16.77,NA,9.12423430468881,Loblaws,Sourdough Bread,count,P2726
2024-04-23T04:00:00Z,13.69,NA,17.82665409300329,T&T,Orange Juice 1L,kg,P8838
2024-09-06T23:00:00Z,16.58,NA,21.386384904098446,NoFrills,Orange Juice 1L,kg,P6482
2024-03-24T07:00:00Z,12.08,NA,26.70689302222221,Metro,Sourdough Bread,count,P5022
2024-07-02T22:00:00Z,11,NA,15.692820062842971,Walmart,Eggs Dozen,count,P7209
2024-05-16T06:00:00Z,16.06,19.228855362067,8.200832412013366,Walmart,Milk 2L,g,P9900
2024-08-26T04:00:00Z,14.43,NA,11.658854060170695,Loblaws,Pasta 500g,kg,P7632
2024-03-19T00:00:00Z,10.31,NA,11.008257157593807,Voila,Butter 500g,L,P2475
2024-05-15T07:00:00Z,1.93,2.534083747359924,1.2995488980157683,NoFrills,Chicken Breast 1kg,L,P4982
2024-08-18T22:00:00Z,8.5,NA,10.1128803981143,Walmart,Butter 500g,count,P8655
2024-03-05T13:00:00Z,2.57,NA,1.394782634345338,T&T,Brown Rice 1kg,L,P2888
2024-04-10T19:00:00Z,7.02,9.850236153831705,10.026938431578829,Loblaws,Eggs Dozen,L,P3946
2024-09-15T00:00:00Z,15.89,NA,10.796034870041513,Metro,Becel Margarine,g,P6742
2024-07-22T19:00:00Z,11.16,NA,10.145365898182098,Walmart,Brown Rice 1kg,g,P7626
2024-10-02T11:00:00Z,17.26,NA,26.34623572494617,Metro,Becel Margarine,L,P5554
2024-03-09T23:00:00Z,13.53,17.66769684657175,9.471960364654567,Walmart,Butter 500g,count,P1844
2024-07-02T03:00:00Z,12.74,NA,9.357120359009238,Metro,Orange Juice 1L,kg,P2022
2024-03-10T16:00:00Z,5.96,NA,6.585416753212583,Walmart,Brown Rice 1kg,g,P4341
2024-05-09T19:00:00Z,18.32,NA,30.72645051909282,Galleria,Butter 500g,L,P6802
2024-07-23T12:00:00Z,3.13,NA,7.054179913923128,Walmart,Sourdough Bread,L,P1981
2024-03-13T01:00:00Z,17.15,NA,87.48794012203804,Voila,Orange Juice 1L,g,P1297
2024-04-26T14:00:00Z,13.39,NA,7.5840259032771735,NoFrills,Becel Margarine,kg,P7919
2024-08-29T22:00:00Z,16.37,NA,8.729931276860318,Voila,Organic Apples,kg,P7685
2024-08-31T02:00:00Z,14.66,NA,124.38084779352188,NoFrills,Organic Apples,L,P2431
2024-05-29T05:00:00Z,17.65,NA,14.765021187313126,NoFrills,Butter 500g,L,P2146
2024-07-11T21:00:00Z,15.03,NA,19.948316747081147,Voila,Orange Juice 1L,count,P3840
2024-09-20T03:00:00Z,11.8,NA,14.872377803921239,Voila,Eggs Dozen,L,P7206
2024-07-12T15:00:00Z,3.49,4.049221902022139,2.487535176124353,Galleria,Pasta 500g,kg,P5970
2024-10-22T21:00:00Z,3.59,NA,27.270963481867263,Walmart,Chicken Breast 1kg,L,P2797
2024-08-22T08:00:00Z,1.61,NA,1.0415630478051743,Galleria,Chicken Breast 1kg,kg,P2626
2024-04-25T12:00:00Z,8.94,NA,6.339319185667614,Save-On-Foods,Milk 2L,L,P1120
2024-08-17T05:00:00Z,18.72,27.09652765198052,49.390936837026395,Loblaws,Chicken Breast 1kg,L,P5737
2024-09-27T23:00:00Z,19.02,NA,25.870993863465632,Loblaws,Eggs Dozen,kg,P2415
2024-06-06T17:00:00Z,7.98,9.58618004479073,74.77505918446789,NoFrills,Milk 2L,g,P7252
2024-08-06T13:00:00Z,17.67,NA,13.56449580717336,Voila,Eggs Dozen,kg,P9655
2024-03-06T04:00:00Z,7.28,8.043085861548782,5.7163539812970505,Metro,Becel Margarine,kg,P8461
2024-08-27T14:00:00Z,2.22,NA,2.0180947903262476,T&T,Butter 500g,g,P1610
2024-07-02T03:00:00Z,18,NA,19.1862720776238,Galleria,Pasta 500g,g,P2529
2024-10-31T15:00:00Z,18.11,NA,9.41551320697495,Voila,Milk 2L,g,P1835
2024-10-31T07:00:00Z,3.5,NA,2.03249500557696,NoFrills,Milk 2L,L,P3050
2024-08-23T10:00:00Z,2.28,2.9359861421696842,11.565413353057975,Loblaws,Brown Rice 1kg,g,P3805
2024-09-20T23:00:00Z,9.94,12.065206023791806,9.258542849567096,Save-On-Foods,Brown Rice 1kg,L,P2990
2024-05-30T14:00:00Z,5.75,NA,4.244301428593965,T&T,Orange Juice 1L,kg,P2147
2024-09-06T14:00:00Z,14.27,NA,8.549817088729684,Voila,Organic Apples,g,P4572
2024-09-07T16:00:00Z,6.32,NA,4.916334579992316,Metro,Pasta 500g,g,P8409
2024-03-22T03:00:00Z,16.09,NA,34.116663514276226,Metro,Eggs Dozen,L,P2181
2024-04-16T22:00:00Z,11.75,NA,23.587549373677376,Walmart,Pasta 500g,L,P2059
2024-03-03T06:00:00Z,2.08,NA,1.0734158791782231,Save-On-Foods,Brown Rice 1kg,L,P6596
2024-08-14T17:00:00Z,5.72,NA,11.75640769478365,Voila,Chicken Breast 1kg,g,P3556
2024-03-06T14:00:00Z,3.23,NA,3.504207505935736,NoFrills,Orange Juice 1L,L,P3334
2024-05-05T10:00:00Z,6.77,NA,4.041254762246452,Voila,Brown Rice 1kg,L,P3530
2024-07-17T05:00:00Z,6.67,NA,6.8308210942797905,Galleria,Becel Margarine,count,P7631
2024-04-06T04:00:00Z,15.53,NA,13.624658828889629,T&T,Becel Margarine,count,P4934
2024-03-06T02:00:00Z,1.53,NA,2.0474748875979896,T&T,Butter 500g,count,P6976
2024-08-07T03:00:00Z,18.93,NA,11.04433409173509,Voila,Eggs Dozen,g,P9762
2024-05-01T17:00:00Z,4.61,6.007086567518302,7.37513301101956,Galleria,Pasta 500g,count,P2029
2024-09-16T19:00:00Z,6.46,NA,5.364198035902848,Galleria,Orange Juice 1L,L,P4163
2024-08-28T12:00:00Z,2.9,NA,13.84750276321042,Galleria,Organic Apples,g,P3322
2024-08-10T01:00:00Z,19.92,22.944798455849295,13.265764382651287,Metro,Sourdough Bread,kg,P6604
2024-10-13T17:00:00Z,11.48,13.114954459693285,33.67674829248478,Voila,Organic Apples,g,P8253
2024-08-20T03:00:00Z,2.53,NA,1.4921106624985574,Walmart,Chicken Breast 1kg,count,P1976
2024-08-19T06:00:00Z,2.06,NA,1.8210894767183081,Loblaws,Eggs Dozen,L,P8788
2024-04-14T02:00:00Z,1.95,2.6112145392363892,1.8320493184179105,Voila,Chicken Breast 1kg,L,P2146
2024-07-01T11:00:00Z,3.68,NA,18.668689060323583,Loblaws,Eggs Dozen,kg,P8999
2024-03-14T00:00:00Z,2.38,3.294014999426901,6.493938900656685,NoFrills,Pasta 500g,g,P2345
2024-03-27T10:00:00Z,8.24,NA,4.483080766102341,Loblaws,Butter 500g,L,P6275
2024-08-11T01:00:00Z,19.65,NA,32.40849572441833,Loblaws,Butter 500g,L,P8689
2024-03-01T07:00:00Z,12.94,NA,7.241316392833369,Metro,Becel Margarine,L,P5423
2024-05-19T08:00:00Z,17.68,19.548106316894295,9.111612246063984,Walmart,Organic Apples,count,P8669
2024-04-23T05:00:00Z,3.27,NA,7.470351135137497,Galleria,Becel Margarine,L,P2520
2024-09-25T18:00:00Z,13.31,NA,21.934337886162886,Galleria,Pasta 500g,L,P4215
2024-07-21T14:00:00Z,4.84,NA,3.4589656823148025,Metro,Becel Margarine,kg,P4172
2024-10-15T03:00:00Z,7.53,NA,35.49869459315407,Voila,Eggs Dozen,count,P9426
2024-10-11T11:00:00Z,13.59,NA,10.46673148413993,Galleria,Milk 2L,L,P5881
2024-07-02T08:00:00Z,14.44,NA,8.335539437893079,Voila,Milk 2L,L,P7606
2024-05-15T17:00:00Z,6.45,NA,4.382960011698129,Voila,Becel Margarine,g,P5700
2024-10-17T11:00:00Z,14.92,NA,24.18334238859247,Voila,Orange Juice 1L,kg,P7768
2024-07-07T19:00:00Z,11.91,NA,10.516083750362153,Loblaws,Milk 2L,count,P3557
2024-07-29T16:00:00Z,19.98,28.382342098664495,20.340078348153327,Walmart,Eggs Dozen,count,P8734
2024-04-07T10:00:00Z,1.68,NA,1.0536692291735439,T&T,Sourdough Bread,g,P9871
2024-03-30T20:00:00Z,1.23,NA,3.6152059086275155,Galleria,Orange Juice 1L,g,P2692
2024-04-14T16:00:00Z,15.08,NA,11.502924401938634,Galleria,Eggs Dozen,kg,P8749
2024-03-26T12:00:00Z,8.74,12.1649828670118,5.006035626773991,Metro,Pasta 500g,L,P7056
2024-05-04T11:00:00Z,2.12,NA,13.05667542115385,Walmart,Milk 2L,count,P5283
2024-03-20T17:00:00Z,11.23,NA,14.854149028432042,Metro,Milk 2L,kg,P4177
2024-07-29T23:00:00Z,15.41,NA,8.280254065318363,Walmart,Sourdough Bread,L,P3743
2024-10-01T02:00:00Z,16.24,NA,15.462707925796582,Voila,Butter 500g,L,P4395
2024-08-25T07:00:00Z,15.43,NA,8.221109044573092,Voila,Eggs Dozen,kg,P5723
2024-10-16T18:00:00Z,15.06,NA,59.44860001484928,Loblaws,Sourdough Bread,L,P4475
2024-04-23T07:00:00Z,12.02,NA,6.552903307515308,Voila,Becel Margarine,count,P7057
2024-08-09T06:00:00Z,14.69,NA,93.08599826508475,NoFrills,Sourdough Bread,L,P3047
2024-07-25T07:00:00Z,2.09,NA,2.6359450291812867,Voila,Milk 2L,count,P8562
2024-09-22T15:00:00Z,9.3,12.33455248469487,6.96898277057746,Metro,Butter 500g,count,P1833
2024-09-10T00:00:00Z,1.61,NA,4.190001038653963,T&T,Milk 2L,g,P7593
2024-05-04T13:00:00Z,15.67,NA,10.343625005573095,Galleria,Orange Juice 1L,g,P1957
2024-09-27T10:00:00Z,7.2,NA,26.445799064923133,Save-On-Foods,Butter 500g,L,P4059
2024-06-14T12:00:00Z,17.55,NA,23.366306786867653,T&T,Sourdough Bread,g,P5404
2024-07-22T10:00:00Z,8.98,NA,7.932874791106005,Galleria,Orange Juice 1L,count,P1170
2024-08-11T05:00:00Z,4.2,NA,7.3172332881036555,Loblaws,Butter 500g,g,P9640
2024-10-19T22:00:00Z,16.32,NA,81.26490222954226,Walmart,Sourdough Bread,count,P5002
2024-09-18T02:00:00Z,5.76,7.036923528134824,3.7228065251897458,Loblaws,Butter 500g,count,P4905
2024-06-01T07:00:00Z,17.83,NA,9.135313686721513,Voila,Milk 2L,L,P7038
2024-06-17T15:00:00Z,12.36,16.31207344492525,13.887520053344728,Walmart,Organic Apples,g,P9691
2024-03-06T18:00:00Z,3.46,NA,2.0809383982827185,Voila,Butter 500g,count,P1583
2024-04-08T21:00:00Z,14,NA,23.26361399822754,Voila,Chicken Breast 1kg,g,P5301
2024-05-17T14:00:00Z,16.12,NA,27.730911858905777,Walmart,Pasta 500g,g,P6497
2024-05-05T18:00:00Z,16.71,18.814455445135945,107.57788264980681,Metro,Brown Rice 1kg,L,P6691
2024-07-29T05:00:00Z,6.09,8.75401639935281,18.9020204641967,Walmart,Butter 500g,L,P4332
2024-10-06T11:00:00Z,7.75,NA,4.700276533613862,Walmart,Butter 500g,count,P6289
2024-03-26T05:00:00Z,18.23,NA,18.507046137976786,Walmart,Organic Apples,count,P8422
2024-04-14T04:00:00Z,1.44,NA,1.254722019967987,Metro,Pasta 500g,L,P1715
2024-03-02T03:00:00Z,9.29,NA,8.767462278830886,Metro,Milk 2L,L,P5336
2024-03-27T12:00:00Z,16.23,NA,15.496694422297526,Galleria,Organic Apples,g,P9818
2024-05-11T07:00:00Z,15.12,NA,138.35801961842103,Walmart,Pasta 500g,kg,P2063
2024-10-11T14:00:00Z,16.71,NA,8.420992410543795,Loblaws,Sourdough Bread,L,P5243
2024-04-17T16:00:00Z,11.7,NA,6.962858281263176,Galleria,Eggs Dozen,g,P2694
2024-06-21T19:00:00Z,6.19,NA,5.073482556738519,Walmart,Pasta 500g,count,P6669
2024-06-04T08:00:00Z,15.29,NA,12.504881771518999,NoFrills,Milk 2L,kg,P2121
2024-03-06T21:00:00Z,18.07,25.634830836572686,9.553495792897255,Voila,Sourdough Bread,L,P3780
2024-05-23T04:00:00Z,5.74,NA,8.002012928114214,Walmart,Milk 2L,g,P6940
2024-09-08T18:00:00Z,18.12,NA,22.97672484274443,Galleria,Organic Apples,L,P4080
2024-08-20T07:00:00Z,16.92,NA,12.304730586631777,Walmart,Becel Margarine,L,P8220
2024-10-20T13:00:00Z,7.34,8.729663612907752,29.683888511613688,Walmart,Butter 500g,count,P7726
2024-10-07T21:00:00Z,1.51,NA,1.527015538130744,Voila,Chicken Breast 1kg,g,P4344
2024-10-07T12:00:00Z,2.91,NA,1.5600869154912909,Voila,Becel Margarine,g,P2036
2024-03-12T09:00:00Z,10.75,11.895553563628345,6.24998433534246,Metro,Organic Apples,count,P1577
2024-05-27T18:00:00Z,10.44,13.899441805444658,9.846905874867446,Voila,Chicken Breast 1kg,kg,P1027
2024-08-29T09:00:00Z,9.13,13.299954179504887,8.713924718152684,Metro,Butter 500g,count,P6198
2024-10-04T07:00:00Z,12.69,NA,8.330465483157846,Walmart,Eggs Dozen,L,P7559
2024-10-31T03:00:00Z,2.09,NA,2.9634483295993284,Walmart,Eggs Dozen,L,P1418
2024-03-17T13:00:00Z,19.64,NA,68.41995911504137,Walmart,Milk 2L,g,P1570
2024-09-05T00:00:00Z,18.37,NA,11.6027793944232,Voila,Butter 500g,g,P1398
2024-08-20T17:00:00Z,17.25,22.996619603480212,10.524517734746903,Walmart,Milk 2L,g,P2694
2024-06-18T23:00:00Z,2.12,NA,1.5836807824708143,Walmart,Brown Rice 1kg,count,P5217
2024-04-24T03:00:00Z,5.76,NA,9.69607391952866,Galleria,Pasta 500g,kg,P3796
2024-05-10T19:00:00Z,1.21,1.8137172307772562,0.991394972007595,Voila,Milk 2L,L,P6352
2024-10-14T03:00:00Z,3.24,NA,1.8874252885950082,Loblaws,Orange Juice 1L,kg,P3696
2024-08-31T10:00:00Z,18.77,NA,33.50871950877983,Save-On-Foods,Organic Apples,g,P4635
2024-09-16T01:00:00Z,11.29,NA,8.644433595110838,Loblaws,Eggs Dozen,g,P9572
2024-04-09T18:00:00Z,17.96,NA,36.3372655543088,Voila,Sourdough Bread,L,P9644
2024-08-14T17:00:00Z,8.67,NA,22.68629613625661,Metro,Sourdough Bread,g,P7812
2024-06-03T03:00:00Z,8.29,NA,7.476320305636409,Loblaws,Chicken Breast 1kg,kg,P8221
2024-09-15T00:00:00Z,14.06,NA,65.86981558961709,Metro,Becel Margarine,count,P5242
2024-10-12T19:00:00Z,17.11,NA,20.01720347188582,Voila,Chicken Breast 1kg,kg,P9634
2024-10-13T20:00:00Z,11.41,NA,10.898096903640138,T&T,Milk 2L,g,P6662
2024-08-04T09:00:00Z,9.84,NA,18.07347131908195,Voila,Butter 500g,kg,P2858
2024-10-28T21:00:00Z,4.12,NA,3.926642970290253,NoFrills,Sourdough Bread,kg,P2476
2024-07-17T13:00:00Z,14.58,NA,10.327708527310708,Metro,Organic Apples,L,P3423
2024-10-30T02:00:00Z,15.05,NA,21.399987555770974,Loblaws,Eggs Dozen,kg,P9239
2024-04-21T11:00:00Z,10.97,NA,10.20080572939185,Voila,Butter 500g,L,P1478
2024-07-20T19:00:00Z,6.43,NA,3.746189058231522,Voila,Becel Margarine,g,P8948
2024-06-27T19:00:00Z,2.85,NA,10.467830223415516,Walmart,Organic Apples,count,P8500
2024-10-22T19:00:00Z,8.17,10.182916126744821,31.756627996310304,Metro,Becel Margarine,g,P1263
2024-10-07T12:00:00Z,5.85,NA,11.697614764923923,Voila,Becel Margarine,g,P5325
2024-03-10T14:00:00Z,15.81,NA,10.55477233674892,Walmart,Eggs Dozen,g,P9574
2024-03-12T16:00:00Z,17.99,NA,28.288079866586,Voila,Orange Juice 1L,L,P8729
2024-08-13T00:00:00Z,5.81,8.662918503162452,3.8326492367822884,Metro,Orange Juice 1L,count,P1668
2024-10-19T17:00:00Z,9,NA,5.41444233638892,Walmart,Eggs Dozen,kg,P3230
2024-03-18T17:00:00Z,15.5,NA,13.819287402488584,Metro,Organic Apples,count,P6612
2024-03-08T19:00:00Z,3.16,NA,5.533977176889829,NoFrills,Butter 500g,kg,P9060
2024-03-08T11:00:00Z,9.25,NA,11.62812413330641,Metro,Milk 2L,L,P5101
2024-05-03T14:00:00Z,8.33,NA,28.713139193273573,Walmart,Milk 2L,count,P6926
2024-05-12T05:00:00Z,3.85,5.694146044747904,2.2569905291891392,Save-On-Foods,Organic Apples,L,P8943
2024-06-03T17:00:00Z,14.3,NA,24.57491239374146,Walmart,Brown Rice 1kg,count,P5154
2024-06-14T01:00:00Z,14.32,NA,20.480726964743955,NoFrills,Pasta 500g,L,P8621
2024-06-03T22:00:00Z,6.4,7.547827478647233,5.174040604884947,NoFrills,Pasta 500g,L,P9068
2024-06-24T03:00:00Z,7.05,NA,3.668195010809181,Walmart,Chicken Breast 1kg,g,P6969
2024-09-11T06:00:00Z,6.96,NA,3.9121205228761955,Loblaws,Pasta 500g,kg,P8395
2024-06-15T16:00:00Z,14.48,NA,12.089950118165708,Metro,Chicken Breast 1kg,L,P8414
2024-08-13T11:00:00Z,12.07,16.704391120349058,7.657416434075112,Voila,Eggs Dozen,kg,P1529
2024-09-12T17:00:00Z,8.76,NA,26.45397079517857,NoFrills,Chicken Breast 1kg,count,P3859
2024-06-22T22:00:00Z,8.55,12.78225173127372,12.535097138696056,Galleria,Orange Juice 1L,g,P8988
2024-06-05T18:00:00Z,10.31,NA,17.854917947960445,T&T,Chicken Breast 1kg,count,P2571
2024-07-05T12:00:00Z,16.53,24.00212600616552,10.536643537980906,Metro,Sourdough Bread,count,P1197
2024-04-26T01:00:00Z,12.85,NA,10.203878682311883,Walmart,Orange Juice 1L,g,P8945
2024-07-23T05:00:00Z,9.36,NA,6.427128083349865,Voila,Pasta 500g,L,P7643
2024-03-28T00:00:00Z,10.24,NA,6.386994810974156,Voila,Orange Juice 1L,count,P8329
2024-07-01T09:00:00Z,13.85,NA,39.19653551461796,NoFrills,Orange Juice 1L,count,P9574
2024-03-11T18:00:00Z,13.27,17.50072665331606,55.634924982073976,Walmart,Chicken Breast 1kg,L,P9737
2024-07-29T13:00:00Z,3.19,NA,1.6908452903888618,Walmart,Sourdough Bread,L,P7047
2024-05-07T03:00:00Z,10.22,NA,7.503955747673196,Walmart,Becel Margarine,g,P4528
2024-06-23T01:00:00Z,1.43,NA,1.506128593116741,Walmart,Butter 500g,g,P9452
2024-05-08T12:00:00Z,4.42,4.898919670706615,8.510496854957646,Voila,Becel Margarine,g,P2828
2024-09-16T02:00:00Z,13.43,NA,20.71592929585202,Metro,Sourdough Bread,kg,P7023
2024-06-24T17:00:00Z,5.26,NA,4.528507977434299,Walmart,Milk 2L,count,P8510
2024-03-25T04:00:00Z,11.33,14.816293629162946,7.799851675978718,Walmart,Sourdough Bread,kg,P9132
2024-07-07T20:00:00Z,1.65,NA,0.8830539244880913,Loblaws,Pasta 500g,g,P1462
2024-07-31T22:00:00Z,9.66,NA,12.426787207843951,Loblaws,Organic Apples,g,P2442
2024-04-08T15:00:00Z,5.47,NA,4.570909985767861,Walmart,Becel Margarine,g,P5201
2024-10-14T18:00:00Z,10.04,NA,7.680601525823464,Galleria,Pasta 500g,count,P9709
2024-08-15T05:00:00Z,9.35,NA,7.575668497476626,Loblaws,Pasta 500g,count,P4071
2024-06-09T13:00:00Z,16.49,NA,10.269165813780692,Voila,Orange Juice 1L,count,P8321
2024-03-05T22:00:00Z,3.39,NA,2.4521300905789487,Galleria,Eggs Dozen,count,P7404
2024-06-13T08:00:00Z,14.98,NA,23.70057417205559,Metro,Pasta 500g,count,P7301
2024-06-12T21:00:00Z,13.09,NA,15.441877494031894,Walmart,Milk 2L,kg,P8373
2024-05-15T04:00:00Z,16.12,NA,16.33860748944974,Loblaws,Chicken Breast 1kg,L,P9158
2024-08-14T14:00:00Z,11.69,NA,13.092306344047994,Loblaws,Eggs Dozen,L,P7243
2024-08-24T17:00:00Z,8.22,NA,9.506955183945044,Loblaws,Sourdough Bread,kg,P4631
2024-07-11T22:00:00Z,18.56,NA,26.537890008591667,Walmart,Brown Rice 1kg,L,P6481
2024-09-22T02:00:00Z,3.85,NA,5.5325992571399345,Loblaws,Eggs Dozen,kg,P6128
2024-04-01T01:00:00Z,5.78,NA,4.828887393693483,Voila,Becel Margarine,count,P8754
2024-03-03T11:00:00Z,18.25,NA,10.513613787386475,Voila,Orange Juice 1L,count,P8174
2024-10-25T15:00:00Z,9.21,NA,11.358800485068787,NoFrills,Becel Margarine,g,P6920
2024-03-18T14:00:00Z,2.15,NA,13.042953724086395,Galleria,Becel Margarine,kg,P8303
2024-03-17T03:00:00Z,8.49,NA,10.62817067152953,Voila,Chicken Breast 1kg,count,P9039
2024-09-02T09:00:00Z,19.05,27.63097555723507,126.07628320375248,Loblaws,Chicken Breast 1kg,kg,P7394
2024-10-02T10:00:00Z,15.8,NA,8.33339782257475,Loblaws,Orange Juice 1L,g,P5394
2024-10-28T14:00:00Z,9.61,NA,22.76186792522795,Loblaws,Organic Apples,g,P2717
2024-05-14T23:00:00Z,16.61,NA,38.461460452050346,Metro,Orange Juice 1L,count,P4185
2024-08-14T22:00:00Z,5.64,7.169791610073298,34.59951754954818,Walmart,Milk 2L,count,P2571
2024-04-01T21:00:00Z,6.22,NA,3.256288289039594,Walmart,Chicken Breast 1kg,g,P1212
2024-04-07T04:00:00Z,15.31,NA,46.86324032977594,Metro,Becel Margarine,g,P7886
2024-06-16T05:00:00Z,3.9,NA,2.0049744415775765,Loblaws,Eggs Dozen,kg,P2933
2024-04-05T05:00:00Z,8.93,NA,13.19028501417837,Walmart,Organic Apples,L,P6483
2024-03-10T02:00:00Z,7.41,9.872888865885326,5.425524578116072,Voila,Pasta 500g,kg,P3257
2024-02-28T09:00:00Z,15.51,NA,13.665808390946895,Save-On-Foods,Brown Rice 1kg,L,P2791
2024-05-16T15:00:00Z,17.58,NA,22.826573124482238,Galleria,Becel Margarine,kg,P7405
2024-08-28T03:00:00Z,13.74,NA,11.879872095271024,Save-On-Foods,Chicken Breast 1kg,L,P2450
2024-08-22T21:00:00Z,1.59,NA,0.8929694723940977,Loblaws,Sourdough Bread,kg,P5799
2024-07-03T18:00:00Z,11.45,NA,6.251300675261679,Loblaws,Brown Rice 1kg,count,P4632
2024-03-22T02:00:00Z,16.56,NA,18.188448711583792,Metro,Chicken Breast 1kg,L,P1149
2024-05-29T09:00:00Z,9.94,NA,14.768600514368925,Loblaws,Butter 500g,kg,P1422
2024-09-30T21:00:00Z,17.48,NA,15.382056510296612,Galleria,Brown Rice 1kg,kg,P8593
2024-07-20T22:00:00Z,8.98,NA,9.579878677922949,Metro,Milk 2L,g,P8300
2024-09-25T03:00:00Z,3.45,NA,7.415366826124799,Walmart,Brown Rice 1kg,count,P9480
2024-07-02T08:00:00Z,8.51,NA,11.316656786289172,Walmart,Milk 2L,g,P7134
2024-10-13T05:00:00Z,5.74,NA,3.41117078070407,Walmart,Becel Margarine,L,P2114
2024-04-23T02:00:00Z,7.31,NA,9.482229872368274,Save-On-Foods,Pasta 500g,kg,P3778
2024-04-15T01:00:00Z,4.38,NA,4.193257569858415,Walmart,Eggs Dozen,g,P1428
2024-09-02T14:00:00Z,12.54,NA,11.73733202394999,NoFrills,Brown Rice 1kg,L,P9436
2024-04-27T11:00:00Z,11.16,NA,52.87575884611349,Walmart,Brown Rice 1kg,count,P1704
2024-07-07T04:00:00Z,8.22,9.444242837945,15.96112403815296,Voila,Organic Apples,L,P3529
2024-04-13T12:00:00Z,10.11,NA,30.015229349397146,Voila,Becel Margarine,L,P9201
2024-08-03T21:00:00Z,11.58,NA,91.05112438669713,Voila,Sourdough Bread,g,P4626
2024-10-25T01:00:00Z,19.2,NA,9.842821928985918,Walmart,Organic Apples,count,P6995
2024-05-05T19:00:00Z,1.34,NA,1.8808775736898198,Walmart,Milk 2L,kg,P8484
2024-10-25T15:00:00Z,3.78,NA,2.0226424337736493,Metro,Orange Juice 1L,kg,P2672
2024-05-21T19:00:00Z,16.74,NA,21.959757087859238,Loblaws,Pasta 500g,g,P7881
2024-06-03T09:00:00Z,13.52,NA,35.27996626563971,Metro,Organic Apples,count,P6514
2024-06-14T23:00:00Z,10.84,NA,10.894430509174976,Voila,Milk 2L,g,P2744
2024-06-25T18:00:00Z,15.97,20.636539070790636,10.198920978220826,NoFrills,Pasta 500g,count,P7804
2024-10-02T02:00:00Z,1.86,NA,6.6678762484210665,T&T,Chicken Breast 1kg,count,P6351
2024-04-16T18:00:00Z,6.68,NA,3.725120729740712,Loblaws,Eggs Dozen,L,P5334
2024-04-10T12:00:00Z,10.63,NA,45.610747635916795,Galleria,Becel Margarine,kg,P9398
2024-04-30T16:00:00Z,7.73,10.61958308103867,4.1494707898314305,Galleria,Milk 2L,kg,P3269
2024-05-02T01:00:00Z,12.48,NA,6.317571511873283,Voila,Milk 2L,count,P1993
2024-05-11T13:00:00Z,10.21,NA,9.848041028484408,Loblaws,Becel Margarine,L,P7171
2024-10-03T20:00:00Z,12.45,14.602786016324535,7.623555603614652,Save-On-Foods,Becel Margarine,g,P2967
2024-08-19T06:00:00Z,2.13,NA,3.460590314549797,Galleria,Becel Margarine,count,P3380
2024-04-17T14:00:00Z,17.69,NA,28.986597035830513,T&T,Eggs Dozen,g,P3332
2024-08-10T21:00:00Z,16.65,NA,32.80101744250277,Walmart,Organic Apples,L,P8149
2024-03-18T08:00:00Z,15.4,NA,15.82319093264798,Loblaws,Orange Juice 1L,count,P5805
2024-04-23T14:00:00Z,18.35,NA,9.42607567901259,Metro,Eggs Dozen,g,P9269
2024-09-16T02:00:00Z,5.9,6.4947504425328235,7.241160654661756,Walmart,Pasta 500g,count,P7093
2024-07-29T01:00:00Z,4.33,NA,3.8833272560680583,Metro,Milk 2L,kg,P4840
2024-09-28T18:00:00Z,16.3,NA,9.3404136522395,Metro,Orange Juice 1L,count,P3484
2024-05-24T09:00:00Z,16.61,NA,9.876881732442673,Metro,Becel Margarine,count,P8012
2024-05-23T02:00:00Z,14.85,NA,22.649044769666794,Voila,Sourdough Bread,g,P8290
2024-07-01T15:00:00Z,18.54,25.319908764783293,12.461461853592363,Metro,Becel Margarine,count,P1672
2024-04-03T14:00:00Z,7.33,NA,5.843920850975583,Metro,Sourdough Bread,kg,P5856
2024-10-30T21:00:00Z,12.67,NA,15.715964722885069,NoFrills,Orange Juice 1L,count,P5678
2024-09-18T00:00:00Z,15.38,NA,12.86361502797136,Walmart,Sourdough Bread,kg,P2894
2024-07-31T18:00:00Z,13.6,NA,20.66427863856711,NoFrills,Butter 500g,g,P9763
2024-09-30T15:00:00Z,19.31,NA,12.146249705075004,Loblaws,Chicken Breast 1kg,kg,P1609
2024-03-29T11:00:00Z,18.26,NA,74.1907552522386,Voila,Eggs Dozen,kg,P6086
2024-04-20T23:00:00Z,4.53,NA,7.662066405147388,Walmart,Chicken Breast 1kg,kg,P1662
2024-09-25T14:00:00Z,12.25,18.01543468483724,26.643025828219688,Loblaws,Chicken Breast 1kg,L,P6337
2024-05-31T08:00:00Z,17.62,NA,14.543413055186983,T&T,Eggs Dozen,g,P9231
2024-03-23T20:00:00Z,8.44,11.801073747720569,4.412284509716601,NoFrills,Becel Margarine,g,P4053
2024-07-18T05:00:00Z,17.11,23.14352701566834,9.96150572864236,Loblaws,Becel Margarine,kg,P6189
2024-10-05T09:00:00Z,19.15,NA,12.843509632804556,Voila,Organic Apples,kg,P3681
2024-07-03T16:00:00Z,11.15,NA,16.292505985609676,Walmart,Milk 2L,L,P1323
2024-06-22T21:00:00Z,8.41,10.841758717502469,5.280257871028159,Walmart,Organic Apples,g,P8040
2024-08-25T20:00:00Z,12.2,NA,25.832717694369578,Loblaws,Becel Margarine,count,P7787
2024-03-30T19:00:00Z,4.78,NA,13.26190667176637,Loblaws,Becel Margarine,kg,P2245
2024-10-22T22:00:00Z,12.98,NA,7.693306689787448,T&T,Butter 500g,count,P1197
2024-06-22T15:00:00Z,1.15,NA,2.2865185130687347,NoFrills,Butter 500g,count,P1309
2024-06-23T14:00:00Z,11.26,NA,49.46516027383374,Walmart,Butter 500g,g,P2865
2024-07-19T00:00:00Z,14.72,NA,8.521007532487657,Walmart,Sourdough Bread,kg,P4238
2024-04-07T19:00:00Z,13.3,NA,9.500300765412405,Metro,Becel Margarine,g,P1320
2024-07-25T09:00:00Z,17.19,NA,10.839041688200007,Voila,Chicken Breast 1kg,L,P1134
2024-04-26T17:00:00Z,7.94,NA,5.971279997808638,Loblaws,Brown Rice 1kg,L,P9104
2024-05-08T08:00:00Z,19.53,NA,30.87460599719009,Metro,Chicken Breast 1kg,L,P5500
2024-07-25T18:00:00Z,5.54,NA,7.424902226940803,Voila,Eggs Dozen,kg,P8425
2024-03-20T19:00:00Z,8.15,NA,42.571820167553106,Walmart,Brown Rice 1kg,kg,P6367
2024-10-16T22:00:00Z,1.78,NA,1.0943312520916213,Walmart,Brown Rice 1kg,count,P2798
2024-10-12T09:00:00Z,10.7,NA,35.765230669353436,Metro,Brown Rice 1kg,L,P6698
2024-04-13T07:00:00Z,2.41,NA,1.8505655326616508,Metro,Becel Margarine,L,P3338
2024-08-25T02:00:00Z,2.81,3.8338159266831355,2.99012620029049,Walmart,Eggs Dozen,L,P7097
2024-06-24T05:00:00Z,16.12,NA,8.716483417301017,Metro,Sourdough Bread,count,P8741
2024-04-30T07:00:00Z,17.12,NA,50.39211023539225,Walmart,Chicken Breast 1kg,kg,P4813
2024-03-16T17:00:00Z,16.69,NA,131.63520462865455,Save-On-Foods,Sourdough Bread,L,P2135
2024-03-10T19:00:00Z,7.56,NA,4.337285965854931,Voila,Organic Apples,g,P8957
2024-05-22T05:00:00Z,7.41,NA,4.570466675783175,NoFrills,Butter 500g,g,P1800
2024-03-19T00:00:00Z,3.21,NA,1.867868909522036,T&T,Eggs Dozen,kg,P8828
2024-08-31T13:00:00Z,17.24,NA,14.254325422946296,NoFrills,Sourdough Bread,kg,P8220
2024-04-22T05:00:00Z,10.75,NA,14.535896489182605,Metro,Eggs Dozen,L,P5588
2024-08-01T17:00:00Z,13.07,18.33121627119463,11.089088085958142,T&T,Milk 2L,count,P4377
2024-02-29T05:00:00Z,10.72,NA,30.33833791310256,Galleria,Pasta 500g,count,P5611
2024-06-23T09:00:00Z,4.21,NA,4.8560020041461645,Metro,Chicken Breast 1kg,L,P5691
2024-06-17T05:00:00Z,19.93,NA,10.998277892146145,Walmart,Milk 2L,count,P5427
2024-04-18T15:00:00Z,6.57,NA,5.752476632393464,Walmart,Milk 2L,L,P3835
2024-10-04T15:00:00Z,1.8,NA,5.467759380217356,Galleria,Butter 500g,kg,P4076
2024-07-09T10:00:00Z,12.96,NA,7.235889801965781,Loblaws,Pasta 500g,count,P4191
2024-10-05T12:00:00Z,12.56,NA,7.684442709179977,NoFrills,Organic Apples,count,P1287
2024-10-08T17:00:00Z,17.93,NA,55.17981285847998,Walmart,Brown Rice 1kg,g,P3987
2024-06-15T16:00:00Z,7.77,NA,42.3779928116094,NoFrills,Chicken Breast 1kg,kg,P7551
2024-05-05T09:00:00Z,5.96,NA,13.50063876054508,Walmart,Milk 2L,kg,P8919
2024-10-10T11:00:00Z,10.08,NA,6.945729262270993,Walmart,Butter 500g,kg,P3359
2024-09-10T23:00:00Z,16.44,18.127379711240533,14.271639716630844,Metro,Milk 2L,g,P5893
2024-09-06T09:00:00Z,9.75,NA,10.937519660750217,Loblaws,Eggs Dozen,L,P2266
2024-06-17T09:00:00Z,15.21,NA,14.222465666131212,Metro,Orange Juice 1L,kg,P2947
2024-08-18T03:00:00Z,7.9,9.33249406600371,41.62385595354163,Save-On-Foods,Eggs Dozen,g,P3395
2024-08-14T14:00:00Z,8.63,NA,4.670513166895597,Metro,Milk 2L,count,P6573
2024-06-12T12:00:00Z,10.51,NA,55.312854751422755,Loblaws,Eggs Dozen,count,P9858
2024-04-15T20:00:00Z,14.36,NA,73.39392294785449,Metro,Chicken Breast 1kg,g,P7708
2024-08-10T16:00:00Z,8.79,NA,5.2194444316872355,Walmart,Butter 500g,L,P8125
2024-10-09T00:00:00Z,6.39,NA,3.884338921940004,Metro,Orange Juice 1L,kg,P4812
2024-04-09T00:00:00Z,12.08,14.037370622009039,7.7755169577787715,Walmart,Milk 2L,g,P9881
2024-06-18T21:00:00Z,2.35,NA,1.33383774875199,Voila,Becel Margarine,count,P9051
